term,count,ratio
intelligence,877,0.877
artificial,780,0.78
ai,180,0.18
technology,155,0.155
company,96,0.096
data,92,0.092
human,81,0.081
machine,79,0.079
learning,74,0.074
systems,71,0.071
computing,71,0.071
new,69,0.069
development,64,0.064
research,62,0.062
work,56,0.056
robot,56,0.056
advanced,54,0.054
investment,53,0.053
china,50,0.05
help,48,0.048
create,45,0.045
images,43,0.043
industry,42,0.042
including,42,0.042
chips,41,0.041
software,36,0.036
people,36,0.036
tools,35,0.035
automation,35,0.035
world,33,0.033
time,33,0.033
security,33,0.033
market,33,0.033
future,33,0.033
platform,32,0.032
report,31,0.031
power,31,0.031
digital,31,0.031
business,30,0.03
tesla,29,0.029
products,29,0.029
google,29,0.029
generated,29,0.029
semiconductors,28,0.028
processing,28,0.028
manufacturing,28,0.028
design,28,0.028
capabilities,26,0.026
tech,25,0.025
services,25,0.025
global,25,0.025
called,25,0.025
applications,25,0.025
algorithms,25,0.025
science,24,0.024
risk,24,0.024
network,24,0.024
need,24,0.024
national,24,0.024
increase,24,0.024
customers,24,0.024
cloud,24,0.024
models,23,0.023
focus,23,0.023
continue,23,0.023
content,23,0.023
tasks,22,0.022
provide,22,0.022
predict,21,0.021
information,21,0.021
government,21,0.021
quantum,20,0.02
public,20,0.02
improve,20,0.02
house,20,0.02
so,19,0.019
rights,19,0.019
law,19,0.019
building,19,0.019
supercomputing,18,0.018
solutions,18,0.018
programs,18,0.018
musk,18,0.018
meta,18,0.018
leading,18,0.018
field,18,0.018
change,18,0.018
billion,18,0.018
university,17,0.017
turn,17,0.017
offer,17,0.017
management,17,0.017
force,17,0.017
economic,17,0.017
cybersecurity,17,0.017
center,17,0.017
announced,17,0.017
analytics,17,0.017
users,16,0.016
supply,16,0.016
